StartDate,ResponseId
Start Date,Response ID
"{""ImportId"":""startDate"",""timeZone"":""America/Denver""}","{""ImportId"":""_recordId""}"
2023-09-12 21:58:36,R_DGduXCI9EtKTYTT
2023-09-12 22:03:38,R_3NE7ysBfK2FryuN
2023-09-13 01:08:28,R_3NIAZgREQnlaq85
2023-09-13 01:43:57,R_2zFHlS2w9PWLXNM
2023-09-13 04:50:47,R_0SrQSQFK2Be6c7f
2023-09-13 16:42:51,R_3z95AZA102PHX21
2023-09-13 17:18:34,R_0ptArVivj03Z9jX
2023-09-13 17:19:17,R_239rBiAg6zD0C1n
2023-09-13 17:32:10,R_2PAlrq5iPxwSQ3R
2023-09-13 18:51:11,R_1F38uMeZU1FcuS7
2023-09-13 18:57:00,R_Rrc3fHtkPiuxrUJ
2023-09-13 18:57:36,R_1QyF6ZEQTwrdaa2
2023-09-13 19:04:21,R_3J8cfhWoicZt7d9
2023-09-13 19:15:21,R_3LXQfvgSCfWU4ml
2023-09-13 19:24:37,R_2scDncPQ6SKFNiT
2023-09-13 19:29:54,R_1E7g3sTADpTfC63
2023-09-13 19:59:50,R_3nvFk6d9e1CtVlz
2023-09-13 20:14:40,R_ptq2svaYqBwjB2F
2023-09-13 21:01:06,R_2fkzV8sT0ozLBOX
2023-09-13 21:12:07,R_2yqO4D0r7EZGngD
2023-09-13 21:20:38,R_1Ic4Zvc740SkS2z
2023-09-13 21:21:17,R_3dWA5di6GAcpwM2
2023-09-13 21:29:42,R_3sbqGFTlxZh7aAO
2023-09-13 21:29:53,R_12ifp4pwkITq2kH
2023-09-13 22:18:02,R_1mhfq8yJ8TFrPYb
2023-09-13 22:22:46,R_10NmZHaE5ZcAGRP
2023-09-13 22:26:33,R_1eOAHMtqHDiuVvN
2023-09-13 22:45:14,R_31ylKGRNGMbq5xE
2023-09-13 22:46:32,R_2P5ccAa4jJ3sIeq
2023-09-13 22:50:55,R_1FkTWouqGVQh3W3
2023-09-13 23:24:25,R_2toq4JBdbI90nBK
2023-09-13 23:46:16,R_1OkOhFVCGLgcneX
2023-09-13 23:48:04,R_3s6purGLPExh34l
2023-09-14 01:06:06,R_3knpAJa26JdS7VV
2023-09-14 01:11:44,R_3oNKyeRvMcVJs3H
2023-09-14 01:46:01,R_qyFKYRJ5PbDqfEl
2023-09-14 02:04:54,R_1i8N3jr3EShMa45
2023-09-14 02:06:58,R_qITRC46hCEYo6L7
2023-09-14 02:12:21,R_oYwQ8zyTPZ415aF
2023-09-14 02:24:15,R_dbvevgx5g3AWGKB
2023-09-14 03:02:47,R_1NrDEO4YIQrWTTW
2023-09-14 03:09:59,R_3fd7AnzYz3LQwXJ
2023-09-14 03:31:05,R_3kOlIQTqlFGkyVV
2023-09-14 03:43:13,R_2rJwHknuKPj7kLU
2023-09-14 03:44:17,R_7UvR2cl4M4kW2zf
2023-09-14 03:47:10,R_22AfZ85C7nrz5IV
2023-09-14 04:04:35,R_3CORr8HdAFsTl7f
2023-09-14 04:23:11,R_1GJODYr3fLvh5GH
2023-09-14 04:33:13,R_2s554HeWRQVvksu
2023-09-14 04:42:55,R_WAOoZ7FJVsAMehH
2023-09-14 05:30:09,R_DLTn1Vxzwj639ZL
2023-09-14 06:22:40,R_21ppdqoy7BtIaqL
2023-09-14 06:42:29,R_NVCxB9qDb4m9gL7
2023-09-14 06:44:35,R_2Yy57zcP3FJiNmu
2023-09-14 07:39:50,R_Q3ALjpx9Kaly1Pz
2023-09-14 17:37:31,R_1mefAXvVFDwc0Sr
2023-09-14 17:39:52,R_2WBcYfnTRxRGpSb
2023-09-14 17:41:17,R_uwdWSR1YW885qpP
2023-09-14 18:26:02,R_2w6Kx0BjSsf0xPe
2023-09-14 18:34:28,R_3JJxZ1bsu9yXxv9
2023-09-14 18:35:58,R_1gcLgJhGL5BzBuI
2023-09-14 18:48:11,R_1dMj954V6MsUhL1
2023-09-14 19:25:49,R_3DjP81ULgVzYXCO
2023-09-14 20:01:13,R_1JOQ7edvaNqRcvB
2023-09-14 20:09:32,R_10SPAGdfASA7r0V
2023-09-14 20:13:51,R_28BvLbcKv6gwzI7
2023-09-14 20:14:58,R_41oO1Bnt14ZSgN3
2023-09-14 20:27:19,R_1qb5m2GTyxgFpNn
2023-09-14 20:31:15,R_2U58qYJS49Z57fe
2023-09-14 20:34:14,R_1NxoigbjvVm0OaZ
2023-09-14 20:36:47,R_2348ZT15xkVdK3f
2023-09-14 21:39:50,R_Qg3rffffaDxZ5BL
2023-09-14 22:31:24,R_1EcJun76PIsRLsS
2023-09-14 22:44:26,R_smXDWhXjQJxkn3r
2023-09-14 23:11:27,R_VLrg1bYhY1fbLIB
2023-09-14 23:26:56,R_1puqUtGuhn8xoXB
2023-09-14 23:30:23,R_rijj6sox5tQ7PeF
2023-09-14 23:56:05,R_1ls0DKyEPJFMphC
2023-09-15 00:00:41,R_01AnE2H8pptgVtD
2023-09-15 00:05:40,R_cIOxPTd1wJFu9sl
2023-09-15 00:16:01,R_1nPLby7EcF1ph9l
2023-09-15 00:48:48,R_1NCFpZlT8BGq1ff
2023-09-15 01:08:21,R_1f1wOuKh3b3DT9M
2023-09-15 02:15:37,R_3sbmL8p4BYYvfK9
2023-09-15 02:35:47,R_pauROGW1vhlbVDj
2023-09-15 02:52:09,R_2YhLBFgwDxkpGoU
2023-09-15 04:06:12,R_1NwuJW0Avg5s4KW
2023-09-15 05:19:30,R_3oTvTwgNrPRHg8a
2023-09-15 05:28:03,R_3FPuACycpN41s4g
2023-09-15 05:28:51,R_eRJz3zda5nbDTfH
2023-09-15 06:02:08,R_2EE6Z780HLs0w9U
2023-09-15 06:28:23,R_Cdaz264kBWk6BfX
2023-09-15 09:06:10,R_1QiK6TRqZmHeFVX
2023-09-15 10:14:31,R_5gAnY7RNqINddWp
2023-09-15 15:50:38,R_2QookOyK9sh8UR6
2023-09-15 19:39:45,R_WolhQTIzoxEINKp
2023-09-15 20:07:05,R_2ymgYdc7vPUSE7V
2023-09-15 20:42:10,R_1g6YKb8u1wHzwKq
2023-09-15 22:32:43,R_23eoLvbbR91fdZ9
2023-09-15 22:40:17,R_3dQEuJHi3v6zmSr
2023-09-15 23:09:09,R_1E4n2UcUGGVed8z
2023-09-15 23:14:16,R_Di8wnxSN86hyQZH
2023-09-16 01:09:11,R_9Br5zWy8kStGWAx
2023-09-16 02:14:45,R_3hstMua7HkjVorW
2023-09-16 02:28:54,R_1DOyNk62bffZoSp
2023-09-16 02:42:12,R_2riuFhsHDPFV6iv
2023-09-16 03:20:19,R_2QoKFAjLYeii9YT
2023-09-16 03:36:09,R_2EaEqbAYI204hYy
2023-09-16 04:28:19,R_1rGRgZHhfEf6tep
2023-09-16 04:30:09,R_1eFC7JK6GgPlYEM
2023-09-16 04:59:48,R_2zdRDFWmbgydHbQ
2023-09-16 05:26:57,R_phiorsEm2vOznPz
2023-09-16 06:04:42,R_3EfA72tDixYAE0Q
2023-09-16 06:05:54,R_qRAErtUczMTSp2x
2023-09-16 06:45:52,R_3PiWeYw8Uw8LGN0
2023-09-16 16:03:43,R_3iKm332XmFSnToE
2023-09-16 17:14:11,R_1kLHV0jt5pD8D55
2023-09-16 19:51:24,R_3O7V49ObISsd6aI
2023-09-16 20:05:45,R_21sVFQyrCAjR8BS
2023-09-16 20:06:46,R_2RPqpNZ8BnKRMqI
2023-09-16 20:07:31,R_2qF643D8ih7dZns
2023-09-16 20:31:16,R_1hRUjFM8bi4kTkt
2023-09-16 20:41:13,R_2P1GRbblgh9E7FD
2023-09-16 20:42:07,R_cvTXCMfDDih6u8V
2023-09-16 20:57:48,R_AjTWfjvqefVnBD3
2023-09-16 23:08:53,R_1IoALzXCjePyefF
2023-09-17 00:34:56,R_3DpgXDPXfkO4dVe
2023-09-17 04:28:11,R_b89Wqt3iCHHcvaF
2023-09-17 05:08:41,R_3MM6DeSb3tqslTt
2023-09-17 05:10:25,R_33fekGZRAOyQG4S
2023-09-17 05:20:01,R_2tzdaqGYHeikesu
2023-09-17 05:50:47,R_bKlVUa5LaKxT2AF
2023-09-17 06:11:19,R_2wboMPnyXZzxFwR
2023-09-17 06:19:58,R_1EX3t10ULS0HZaH
2023-09-17 08:47:54,R_24N9pNlbM5Vttb9
2023-09-17 08:48:27,R_1pLQr4bbSGIQ5Oa
2023-09-17 17:29:18,R_1mrCUpFQofBYxkK
2023-09-17 17:56:13,R_26au5ZlLpyDgF52
2023-09-17 18:21:39,R_u3AvyaDdtYL1YL7
2023-09-17 19:13:34,R_1lhPNLvaQ2x2gAw
2023-09-17 19:37:05,R_3ssOr381M4tdvjF
2023-09-17 19:51:46,R_2uDR1NDxogAJwJH
2023-09-17 21:06:41,R_SIQWZGyeEj39cjL
2023-09-17 21:44:53,R_2TYJWuDfIvIhVnD
2023-09-17 22:47:46,R_RbkUIAlqevxfsfT
2023-09-17 22:51:03,R_vJit94nI64xCiKR
2023-09-17 23:25:46,R_3qEynr1v7G08erc
2023-09-17 23:30:40,R_1j99ORF7BYnhX8L
2023-09-17 23:34:56,R_8H1MeUgZ8cBrQC5
2023-09-18 02:34:13,R_2SdaPVOB570AYJp
2023-09-18 02:35:15,R_Wc8zgzFR1qQAjDz
2023-09-18 04:51:38,R_1PSt1rwzLl0SEcu
2023-09-18 04:53:44,R_3lKZwi6XWWN3Y0E
2023-09-18 05:13:00,R_1DwLYXVQA5qERAN
2023-09-18 05:33:44,R_bw7qNgvhTf2h7Pj
2023-09-18 05:54:23,R_3nSnqdapjrfm49n
2023-09-18 06:06:56,R_3GycT4aPH6DZG3I
2023-09-18 06:30:41,R_2pLTSlW48pzlrqQ
2023-09-18 06:39:55,R_2D7efUXDeQ7wMqD
2023-09-18 07:13:11,R_2Sxdpag9pHYfPAV
2023-09-18 07:32:06,R_2flmzEYdEvwT4I7
2023-09-18 07:35:56,R_vDlIl989wk4rcJ3
2023-09-18 07:36:24,R_2yfKBfKdGMBJYVG
2023-09-18 08:14:10,R_27U5CBKAhPtpvUL
2023-09-18 08:31:58,R_3lAJp59qNvyVfqk
2023-09-18 09:37:26,R_1NEyD3ZIoMPr2aB
2023-09-18 10:25:17,R_3MEVOYRupKgG7YS
2023-09-18 15:55:38,R_pRh2uJ4M5tZILYJ
2023-09-18 17:12:36,R_b8EhEfa6ylanFcJ
2023-09-18 17:56:01,R_1MRlDxn5n6mifgX
2023-09-18 18:40:54,R_sM6lW7FrHpgs30R
2023-09-18 19:07:48,R_2YRfLgj9tB6FRLf
2023-09-18 19:10:33,R_2AX2oOddXF034sG
2023-09-18 19:58:44,R_3s1CaMLs01iy7Es
2023-09-18 20:00:39,R_2QzUHeDOvJQdsxn
2023-09-17 20:53:04,R_8oCftlOIWzqn2a5
